image	w	h	family
/mnt/v/output/rd-gap-wedge-2026-07-03/png/5318_noaa_nhc-al072022-fiona_p21_2550x3300.sdr.full.s2048.png	1583	2048	5300
/mnt/v/output/rd-gap-wedge-2026-07-03/png/6070_scans-patents_lynn-conway-us5046022-rescan-gray_p012_2479x3230.sdr.full.s2048.png	1572	2048	6000
/mnt/v/output/rd-gap-wedge-2026-07-03/png/1238_interiors_open-doorway-interior_casa-vicens-barcelona_zfold7_iso250-f2p2_20260319-170237_4000x3000.sdr.full.s2048.png	1536	2048	1200
/mnt/v/output/rd-gap-wedge-2026-07-03/png/1480_nature_snowcapped-mountain-seascape_kumomi-matsuzaki-japan_s23u_iso50-f4p9_20250307-122938_4000x3000.sdr.full.s2048.png	2048	1536	1400
/mnt/v/output/rd-gap-wedge-2026-07-03/png/6606_scans-illustrations_haeckel-red-algae_plate0065_5015x7275.sdr.full.s2048.png	1412	2048	6600
/mnt/v/output/rd-gap-wedge-2026-07-03/png/2026_people_by-willian-justen-de-vasconcellos-3f1eju2ib4u-unsplash_5637x3758.sdr.full.s2048.png	2048	1365	2000
/mnt/v/output/rd-gap-wedge-2026-07-03/png/8196_web-screenshots_nps-grand-canyon_dpr1_page1_1920x1080.sdr.full.native.png	1920	1080	8100
/mnt/v/output/rd-gap-wedge-2026-07-03/png/9908_gen_products-whitelabeled-beauty_amber-serum-bottle-skincare_p0669_1024x1536.sdr.full.native.png	1024	1536	9226
/mnt/v/output/rd-gap-wedge-2026-07-03/png/9446_gen_products-clothing-womens-activewear_romper-active-sage_onmodel_p0207_1024x1536.sdr.full.native.png	1024	1536	9226
/mnt/v/output/rd-gap-wedge-2026-07-03/png/9118_gen_illustrations_farmers-market-stall_1536x1024.sdr.full.native.png	1536	1024	9094
/mnt/v/output/rd-gap-wedge-2026-07-03/png/9098_gen_illustrations_baker-flour-dust-light_1024x1536.sdr.full.native.png	1024	1536	9094
/mnt/v/output/rd-gap-wedge-2026-07-03/png/7080_plots_line-polygons-00081-s68404bb1_1024x1024.sdr.full.native.png	1024	1024	7000
/mnt/v/output/rd-gap-wedge-2026-07-03/png/7050_plots_line-00166-s010fb6d2_1024x1024.sdr.full.native.png	1024	1024	7000
/mnt/v/output/rd-gap-wedge-2026-07-03/png/7052_plots_line-00222-s2f495179_1024x1024.sdr.full.native.png	1024	1024	7000
/mnt/v/output/rd-gap-wedge-2026-07-03/png/7064_plots_line-concentric-00230-s6a3b9505_1024x1024.sdr.full.native.png	1024	1024	7000
/mnt/v/output/rd-gap-wedge-2026-07-03/png/5318_noaa_nhc-al072022-fiona_p21_2550x3300.sdr.full.s1024.png	791	1024	5300
/mnt/v/output/rd-gap-wedge-2026-07-03/png/5318_noaa_nhc-al072022-fiona_p21_2550x3300.sdr.c50_tl.s1024.png	791	1024	5300
/mnt/v/output/rd-gap-wedge-2026-07-03/png/5318_noaa_nhc-al072022-fiona_p21_2550x3300.sdr.c50_tr.s1024.png	791	1024	5300
/mnt/v/output/rd-gap-wedge-2026-07-03/png/5318_noaa_nhc-al072022-fiona_p21_2550x3300.sdr.c50_bl.s1024.png	791	1024	5300
/mnt/v/output/rd-gap-wedge-2026-07-03/png/5318_noaa_nhc-al072022-fiona_p21_2550x3300.sdr.c50_br.s1024.png	791	1024	5300
/mnt/v/output/rd-gap-wedge-2026-07-03/png/6070_scans-patents_lynn-conway-us5046022-rescan-gray_p012_2479x3230.sdr.full.s1024.png	786	1024	6000
/mnt/v/output/rd-gap-wedge-2026-07-03/png/6070_scans-patents_lynn-conway-us5046022-rescan-gray_p012_2479x3230.sdr.c50_tl.s1024.png	786	1024	6000
/mnt/v/output/rd-gap-wedge-2026-07-03/png/6070_scans-patents_lynn-conway-us5046022-rescan-gray_p012_2479x3230.sdr.c50_tr.s1024.png	786	1024	6000
/mnt/v/output/rd-gap-wedge-2026-07-03/png/6070_scans-patents_lynn-conway-us5046022-rescan-gray_p012_2479x3230.sdr.c50_bl.s1024.png	786	1024	6000
/mnt/v/output/rd-gap-wedge-2026-07-03/png/6070_scans-patents_lynn-conway-us5046022-rescan-gray_p012_2479x3230.sdr.c50_br.s1024.png	786	1024	6000
/mnt/v/output/rd-gap-wedge-2026-07-03/png/1238_interiors_open-doorway-interior_casa-vicens-barcelona_zfold7_iso250-f2p2_20260319-170237_4000x3000.sdr.full.s1024.png	768	1024	1200
/mnt/v/output/rd-gap-wedge-2026-07-03/png/1238_interiors_open-doorway-interior_casa-vicens-barcelona_zfold7_iso250-f2p2_20260319-170237_4000x3000.sdr.c50_tl.s1024.png	768	1024	1200
/mnt/v/output/rd-gap-wedge-2026-07-03/png/1238_interiors_open-doorway-interior_casa-vicens-barcelona_zfold7_iso250-f2p2_20260319-170237_4000x3000.sdr.c50_tr.s1024.png	768	1024	1200
/mnt/v/output/rd-gap-wedge-2026-07-03/png/1238_interiors_open-doorway-interior_casa-vicens-barcelona_zfold7_iso250-f2p2_20260319-170237_4000x3000.sdr.c50_bl.s1024.png	768	1024	1200
/mnt/v/output/rd-gap-wedge-2026-07-03/png/1238_interiors_open-doorway-interior_casa-vicens-barcelona_zfold7_iso250-f2p2_20260319-170237_4000x3000.sdr.c50_br.s1024.png	768	1024	1200
/mnt/v/output/rd-gap-wedge-2026-07-03/png/1480_nature_snowcapped-mountain-seascape_kumomi-matsuzaki-japan_s23u_iso50-f4p9_20250307-122938_4000x3000.sdr.full.s1024.png	1024	768	1400
/mnt/v/output/rd-gap-wedge-2026-07-03/png/1480_nature_snowcapped-mountain-seascape_kumomi-matsuzaki-japan_s23u_iso50-f4p9_20250307-122938_4000x3000.sdr.c50_tl.s1024.png	1024	768	1400
/mnt/v/output/rd-gap-wedge-2026-07-03/png/1480_nature_snowcapped-mountain-seascape_kumomi-matsuzaki-japan_s23u_iso50-f4p9_20250307-122938_4000x3000.sdr.c50_tr.s1024.png	1024	768	1400
/mnt/v/output/rd-gap-wedge-2026-07-03/png/1480_nature_snowcapped-mountain-seascape_kumomi-matsuzaki-japan_s23u_iso50-f4p9_20250307-122938_4000x3000.sdr.c50_bl.s1024.png	1024	768	1400
/mnt/v/output/rd-gap-wedge-2026-07-03/png/1480_nature_snowcapped-mountain-seascape_kumomi-matsuzaki-japan_s23u_iso50-f4p9_20250307-122938_4000x3000.sdr.c50_br.s1024.png	1024	768	1400
/mnt/v/output/rd-gap-wedge-2026-07-03/png/6606_scans-illustrations_haeckel-red-algae_plate0065_5015x7275.sdr.full.s1024.png	706	1024	6600
/mnt/v/output/rd-gap-wedge-2026-07-03/png/6606_scans-illustrations_haeckel-red-algae_plate0065_5015x7275.sdr.c50_tl.s1024.png	706	1024	6600
/mnt/v/output/rd-gap-wedge-2026-07-03/png/6606_scans-illustrations_haeckel-red-algae_plate0065_5015x7275.sdr.c50_tr.s1024.png	706	1024	6600
/mnt/v/output/rd-gap-wedge-2026-07-03/png/6606_scans-illustrations_haeckel-red-algae_plate0065_5015x7275.sdr.c50_bl.s1024.png	706	1024	6600
/mnt/v/output/rd-gap-wedge-2026-07-03/png/6606_scans-illustrations_haeckel-red-algae_plate0065_5015x7275.sdr.c50_br.s1024.png	706	1024	6600
/mnt/v/output/rd-gap-wedge-2026-07-03/png/2026_people_by-willian-justen-de-vasconcellos-3f1eju2ib4u-unsplash_5637x3758.sdr.full.s1024.png	1024	683	2000
/mnt/v/output/rd-gap-wedge-2026-07-03/png/2026_people_by-willian-justen-de-vasconcellos-3f1eju2ib4u-unsplash_5637x3758.sdr.c50_tl.s1024.png	1024	683	2000
/mnt/v/output/rd-gap-wedge-2026-07-03/png/2026_people_by-willian-justen-de-vasconcellos-3f1eju2ib4u-unsplash_5637x3758.sdr.c50_tr.s1024.png	1024	683	2000
/mnt/v/output/rd-gap-wedge-2026-07-03/png/2026_people_by-willian-justen-de-vasconcellos-3f1eju2ib4u-unsplash_5637x3758.sdr.c50_bl.s1024.png	1024	683	2000
/mnt/v/output/rd-gap-wedge-2026-07-03/png/2026_people_by-willian-justen-de-vasconcellos-3f1eju2ib4u-unsplash_5637x3758.sdr.c50_br.s1024.png	1024	683	2000
/mnt/v/output/rd-gap-wedge-2026-07-03/png/9908_gen_products-whitelabeled-beauty_amber-serum-bottle-skincare_p0669_1024x1536.sdr.full.s1024.png	683	1024	9226
/mnt/v/output/rd-gap-wedge-2026-07-03/png/9446_gen_products-clothing-womens-activewear_romper-active-sage_onmodel_p0207_1024x1536.sdr.full.s1024.png	683	1024	9226
/mnt/v/output/rd-gap-wedge-2026-07-03/png/9118_gen_illustrations_farmers-market-stall_1536x1024.sdr.full.s1024.png	1024	683	9094
/mnt/v/output/rd-gap-wedge-2026-07-03/png/9098_gen_illustrations_baker-flour-dust-light_1024x1536.sdr.full.s1024.png	683	1024	9094
/mnt/v/output/rd-gap-wedge-2026-07-03/png/8196_web-screenshots_nps-grand-canyon_dpr1_page1_1920x1080.sdr.full.s1024.png	1024	576	8100
/mnt/v/output/rd-gap-wedge-2026-07-03/png/8196_web-screenshots_nps-grand-canyon_dpr1_page1_1920x1080.sdr.c50_tl.native.png	960	540	8100
/mnt/v/output/rd-gap-wedge-2026-07-03/png/8196_web-screenshots_nps-grand-canyon_dpr1_page1_1920x1080.sdr.c50_tr.native.png	960	540	8100
/mnt/v/output/rd-gap-wedge-2026-07-03/png/8196_web-screenshots_nps-grand-canyon_dpr1_page1_1920x1080.sdr.c50_bl.native.png	960	540	8100
/mnt/v/output/rd-gap-wedge-2026-07-03/png/8196_web-screenshots_nps-grand-canyon_dpr1_page1_1920x1080.sdr.c50_br.native.png	960	540	8100
/mnt/v/output/rd-gap-wedge-2026-07-03/png/9908_gen_products-whitelabeled-beauty_amber-serum-bottle-skincare_p0669_1024x1536.sdr.c50_tl.native.png	512	768	9226
/mnt/v/output/rd-gap-wedge-2026-07-03/png/9908_gen_products-whitelabeled-beauty_amber-serum-bottle-skincare_p0669_1024x1536.sdr.c50_tr.native.png	512	768	9226
/mnt/v/output/rd-gap-wedge-2026-07-03/png/9908_gen_products-whitelabeled-beauty_amber-serum-bottle-skincare_p0669_1024x1536.sdr.c50_bl.native.png	512	768	9226
/mnt/v/output/rd-gap-wedge-2026-07-03/png/9908_gen_products-whitelabeled-beauty_amber-serum-bottle-skincare_p0669_1024x1536.sdr.c50_br.native.png	512	768	9226
/mnt/v/output/rd-gap-wedge-2026-07-03/png/9446_gen_products-clothing-womens-activewear_romper-active-sage_onmodel_p0207_1024x1536.sdr.c50_tl.native.png	512	768	9226
/mnt/v/output/rd-gap-wedge-2026-07-03/png/9446_gen_products-clothing-womens-activewear_romper-active-sage_onmodel_p0207_1024x1536.sdr.c50_tr.native.png	512	768	9226
/mnt/v/output/rd-gap-wedge-2026-07-03/png/9446_gen_products-clothing-womens-activewear_romper-active-sage_onmodel_p0207_1024x1536.sdr.c50_bl.native.png	512	768	9226
/mnt/v/output/rd-gap-wedge-2026-07-03/png/9446_gen_products-clothing-womens-activewear_romper-active-sage_onmodel_p0207_1024x1536.sdr.c50_br.native.png	512	768	9226
/mnt/v/output/rd-gap-wedge-2026-07-03/png/9118_gen_illustrations_farmers-market-stall_1536x1024.sdr.c50_tl.native.png	768	512	9094
/mnt/v/output/rd-gap-wedge-2026-07-03/png/9118_gen_illustrations_farmers-market-stall_1536x1024.sdr.c50_tr.native.png	768	512	9094
/mnt/v/output/rd-gap-wedge-2026-07-03/png/9118_gen_illustrations_farmers-market-stall_1536x1024.sdr.c50_bl.native.png	768	512	9094
/mnt/v/output/rd-gap-wedge-2026-07-03/png/9118_gen_illustrations_farmers-market-stall_1536x1024.sdr.c50_br.native.png	768	512	9094
/mnt/v/output/rd-gap-wedge-2026-07-03/png/9098_gen_illustrations_baker-flour-dust-light_1024x1536.sdr.c50_tl.native.png	512	768	9094
/mnt/v/output/rd-gap-wedge-2026-07-03/png/9098_gen_illustrations_baker-flour-dust-light_1024x1536.sdr.c50_tr.native.png	512	768	9094
/mnt/v/output/rd-gap-wedge-2026-07-03/png/9098_gen_illustrations_baker-flour-dust-light_1024x1536.sdr.c50_bl.native.png	512	768	9094
/mnt/v/output/rd-gap-wedge-2026-07-03/png/9098_gen_illustrations_baker-flour-dust-light_1024x1536.sdr.c50_br.native.png	512	768	9094
/mnt/v/output/rd-gap-wedge-2026-07-03/png/7080_plots_line-polygons-00081-s68404bb1_1024x1024.sdr.full.s512.png	512	512	7000
/mnt/v/output/rd-gap-wedge-2026-07-03/png/7080_plots_line-polygons-00081-s68404bb1_1024x1024.sdr.c50_tl.native.png	512	512	7000
/mnt/v/output/rd-gap-wedge-2026-07-03/png/7080_plots_line-polygons-00081-s68404bb1_1024x1024.sdr.c50_tr.native.png	512	512	7000
/mnt/v/output/rd-gap-wedge-2026-07-03/png/7080_plots_line-polygons-00081-s68404bb1_1024x1024.sdr.c50_bl.native.png	512	512	7000
/mnt/v/output/rd-gap-wedge-2026-07-03/png/7080_plots_line-polygons-00081-s68404bb1_1024x1024.sdr.c50_br.native.png	512	512	7000
/mnt/v/output/rd-gap-wedge-2026-07-03/png/7050_plots_line-00166-s010fb6d2_1024x1024.sdr.full.s512.png	512	512	7000
/mnt/v/output/rd-gap-wedge-2026-07-03/png/7050_plots_line-00166-s010fb6d2_1024x1024.sdr.c50_tl.native.png	512	512	7000
/mnt/v/output/rd-gap-wedge-2026-07-03/png/7050_plots_line-00166-s010fb6d2_1024x1024.sdr.c50_tr.native.png	512	512	7000
/mnt/v/output/rd-gap-wedge-2026-07-03/png/7050_plots_line-00166-s010fb6d2_1024x1024.sdr.c50_bl.native.png	512	512	7000
/mnt/v/output/rd-gap-wedge-2026-07-03/png/7050_plots_line-00166-s010fb6d2_1024x1024.sdr.c50_br.native.png	512	512	7000
/mnt/v/output/rd-gap-wedge-2026-07-03/png/7052_plots_line-00222-s2f495179_1024x1024.sdr.full.s512.png	512	512	7000
/mnt/v/output/rd-gap-wedge-2026-07-03/png/7052_plots_line-00222-s2f495179_1024x1024.sdr.c50_tl.native.png	512	512	7000
/mnt/v/output/rd-gap-wedge-2026-07-03/png/7052_plots_line-00222-s2f495179_1024x1024.sdr.c50_tr.native.png	512	512	7000
/mnt/v/output/rd-gap-wedge-2026-07-03/png/7052_plots_line-00222-s2f495179_1024x1024.sdr.c50_bl.native.png	512	512	7000
/mnt/v/output/rd-gap-wedge-2026-07-03/png/7052_plots_line-00222-s2f495179_1024x1024.sdr.c50_br.native.png	512	512	7000
/mnt/v/output/rd-gap-wedge-2026-07-03/png/7064_plots_line-concentric-00230-s6a3b9505_1024x1024.sdr.full.s512.png	512	512	7000
/mnt/v/output/rd-gap-wedge-2026-07-03/png/7064_plots_line-concentric-00230-s6a3b9505_1024x1024.sdr.c50_tl.native.png	512	512	7000
/mnt/v/output/rd-gap-wedge-2026-07-03/png/7064_plots_line-concentric-00230-s6a3b9505_1024x1024.sdr.c50_tr.native.png	512	512	7000
/mnt/v/output/rd-gap-wedge-2026-07-03/png/7064_plots_line-concentric-00230-s6a3b9505_1024x1024.sdr.c50_bl.native.png	512	512	7000
/mnt/v/output/rd-gap-wedge-2026-07-03/png/7064_plots_line-concentric-00230-s6a3b9505_1024x1024.sdr.c50_br.native.png	512	512	7000
/mnt/v/output/rd-gap-wedge-2026-07-03/png/8464_web-screenshots_weather-forecast-nyc_dpr1_page1_667x375.sdr.full.native.png	667	375	8100
/mnt/v/output/rd-gap-wedge-2026-07-03/png/5318_noaa_nhc-al072022-fiona_p21_2550x3300.sdr.full.s512.png	396	512	5300
/mnt/v/output/rd-gap-wedge-2026-07-03/png/6070_scans-patents_lynn-conway-us5046022-rescan-gray_p012_2479x3230.sdr.full.s512.png	393	512	6000
/mnt/v/output/rd-gap-wedge-2026-07-03/png/1238_interiors_open-doorway-interior_casa-vicens-barcelona_zfold7_iso250-f2p2_20260319-170237_4000x3000.sdr.full.s512.png	384	512	1200
/mnt/v/output/rd-gap-wedge-2026-07-03/png/1480_nature_snowcapped-mountain-seascape_kumomi-matsuzaki-japan_s23u_iso50-f4p9_20250307-122938_4000x3000.sdr.full.s512.png	512	384	1400
/mnt/v/output/rd-gap-wedge-2026-07-03/png/6606_scans-illustrations_haeckel-red-algae_plate0065_5015x7275.sdr.full.s512.png	353	512	6600
/mnt/v/output/rd-gap-wedge-2026-07-03/png/2026_people_by-willian-justen-de-vasconcellos-3f1eju2ib4u-unsplash_5637x3758.sdr.full.s512.png	512	341	2000
/mnt/v/output/rd-gap-wedge-2026-07-03/png/9908_gen_products-whitelabeled-beauty_amber-serum-bottle-skincare_p0669_1024x1536.sdr.full.s512.png	341	512	9226
/mnt/v/output/rd-gap-wedge-2026-07-03/png/9446_gen_products-clothing-womens-activewear_romper-active-sage_onmodel_p0207_1024x1536.sdr.full.s512.png	341	512	9226
/mnt/v/output/rd-gap-wedge-2026-07-03/png/9118_gen_illustrations_farmers-market-stall_1536x1024.sdr.full.s512.png	512	341	9094
/mnt/v/output/rd-gap-wedge-2026-07-03/png/9098_gen_illustrations_baker-flour-dust-light_1024x1536.sdr.full.s512.png	341	512	9094
/mnt/v/output/rd-gap-wedge-2026-07-03/png/8196_web-screenshots_nps-grand-canyon_dpr1_page1_1920x1080.sdr.full.s512.png	512	288	8100
/mnt/v/output/rd-gap-wedge-2026-07-03/png/8464_web-screenshots_weather-forecast-nyc_dpr1_page1_667x375.sdr.full.s512.png	512	288	8100
/mnt/v/output/rd-gap-wedge-2026-07-03/png/7080_plots_line-polygons-00081-s68404bb1_1024x1024.sdr.full.s256.png	256	256	7000
/mnt/v/output/rd-gap-wedge-2026-07-03/png/7050_plots_line-00166-s010fb6d2_1024x1024.sdr.full.s256.png	256	256	7000
/mnt/v/output/rd-gap-wedge-2026-07-03/png/7052_plots_line-00222-s2f495179_1024x1024.sdr.full.s256.png	256	256	7000
/mnt/v/output/rd-gap-wedge-2026-07-03/png/7064_plots_line-concentric-00230-s6a3b9505_1024x1024.sdr.full.s256.png	256	256	7000
/mnt/v/output/rd-gap-wedge-2026-07-03/png/8464_web-screenshots_weather-forecast-nyc_dpr1_page1_667x375.sdr.c50_tl.native.png	334	188	8100
/mnt/v/output/rd-gap-wedge-2026-07-03/png/8464_web-screenshots_weather-forecast-nyc_dpr1_page1_667x375.sdr.c50_tr.native.png	334	188	8100
/mnt/v/output/rd-gap-wedge-2026-07-03/png/8464_web-screenshots_weather-forecast-nyc_dpr1_page1_667x375.sdr.c50_bl.native.png	334	188	8100
/mnt/v/output/rd-gap-wedge-2026-07-03/png/8464_web-screenshots_weather-forecast-nyc_dpr1_page1_667x375.sdr.c50_br.native.png	334	188	8100
/mnt/v/output/rd-gap-wedge-2026-07-03/png/5318_noaa_nhc-al072022-fiona_p21_2550x3300.sdr.full.s256.png	198	256	5300
/mnt/v/output/rd-gap-wedge-2026-07-03/png/6070_scans-patents_lynn-conway-us5046022-rescan-gray_p012_2479x3230.sdr.full.s256.png	196	256	6000
/mnt/v/output/rd-gap-wedge-2026-07-03/png/1238_interiors_open-doorway-interior_casa-vicens-barcelona_zfold7_iso250-f2p2_20260319-170237_4000x3000.sdr.full.s256.png	192	256	1200
/mnt/v/output/rd-gap-wedge-2026-07-03/png/1480_nature_snowcapped-mountain-seascape_kumomi-matsuzaki-japan_s23u_iso50-f4p9_20250307-122938_4000x3000.sdr.full.s256.png	256	192	1400
/mnt/v/output/rd-gap-wedge-2026-07-03/png/6606_scans-illustrations_haeckel-red-algae_plate0065_5015x7275.sdr.full.s256.png	176	256	6600
/mnt/v/output/rd-gap-wedge-2026-07-03/png/2026_people_by-willian-justen-de-vasconcellos-3f1eju2ib4u-unsplash_5637x3758.sdr.full.s256.png	256	171	2000
/mnt/v/output/rd-gap-wedge-2026-07-03/png/9908_gen_products-whitelabeled-beauty_amber-serum-bottle-skincare_p0669_1024x1536.sdr.full.s256.png	171	256	9226
/mnt/v/output/rd-gap-wedge-2026-07-03/png/9446_gen_products-clothing-womens-activewear_romper-active-sage_onmodel_p0207_1024x1536.sdr.full.s256.png	171	256	9226
/mnt/v/output/rd-gap-wedge-2026-07-03/png/9118_gen_illustrations_farmers-market-stall_1536x1024.sdr.full.s256.png	256	171	9094
/mnt/v/output/rd-gap-wedge-2026-07-03/png/9098_gen_illustrations_baker-flour-dust-light_1024x1536.sdr.full.s256.png	171	256	9094
/mnt/v/output/rd-gap-wedge-2026-07-03/png/8196_web-screenshots_nps-grand-canyon_dpr1_page1_1920x1080.sdr.full.s256.png	256	144	8100
/mnt/v/output/rd-gap-wedge-2026-07-03/png/8464_web-screenshots_weather-forecast-nyc_dpr1_page1_667x375.sdr.full.s256.png	256	144	8100
