image	w	h	family	encoder	fmt	q	bytes	bpp	ssim2	enc_ms	butteraugli_3n	butteraugli_max	enc_int_ms
9958_gen_products-whitelabeled-beverages_beverage-smoothie-bottle_p0716_1024x1536.sdr.s1024.png	683	1024	9226	zenrav1e	default	30	3384	0.03871	60.21137433	1303.7	1.920570	5.659548	NA
9958_gen_products-whitelabeled-beverages_beverage-smoothie-bottle_p0716_1024x1536.sdr.s1024.png	683	1024	9226	zenrav1e	default	50	7453	0.08525	76.98223034	1424.6	1.149613	2.972444	NA
9958_gen_products-whitelabeled-beverages_beverage-smoothie-bottle_p0716_1024x1536.sdr.s1024.png	683	1024	9226	zenrav1e	default	60	11047	0.12636	81.26967876	1727.6	0.928608	2.506834	NA
9958_gen_products-whitelabeled-beverages_beverage-smoothie-bottle_p0716_1024x1536.sdr.s1024.png	683	1024	9226	zenrav1e	default	75	21278	0.24339	86.37938797	1907.9	0.636902	1.438617	NA
9958_gen_products-whitelabeled-beverages_beverage-smoothie-bottle_p0716_1024x1536.sdr.s1024.png	683	1024	9226	zenrav1e	default	85	33040	0.37793	88.80621103	2411.1	0.491815	1.138086	NA
9958_gen_products-whitelabeled-beverages_beverage-smoothie-bottle_p0716_1024x1536.sdr.s1024.png	683	1024	9226	zenrav1e	default	95	74746	0.85498	90.88658453	3254.3	0.331332	0.792210	NA
9228_gen_products-accessories_cateye-sunglasses_p0003_3840x2160.sdr.s1024.png	1024	576	9226	zenrav1e	default	30	6378	0.08651	63.66823004	1437.0	2.338129	7.529726	NA
9228_gen_products-accessories_cateye-sunglasses_p0003_3840x2160.sdr.s1024.png	1024	576	9226	zenrav1e	default	50	12231	0.16589	78.93229070	1783.9	1.263761	4.015652	NA
9228_gen_products-accessories_cateye-sunglasses_p0003_3840x2160.sdr.s1024.png	1024	576	9226	zenrav1e	default	60	16127	0.21874	83.54663623	1933.3	0.963060	3.179320	NA
9228_gen_products-accessories_cateye-sunglasses_p0003_3840x2160.sdr.s1024.png	1024	576	9226	zenrav1e	default	75	26063	0.35350	88.43058797	2343.3	0.635461	1.801271	NA
9228_gen_products-accessories_cateye-sunglasses_p0003_3840x2160.sdr.s1024.png	1024	576	9226	zenrav1e	default	85	36142	0.49021	90.47159656	2830.9	0.481257	1.312435	NA
9228_gen_products-accessories_cateye-sunglasses_p0003_3840x2160.sdr.s1024.png	1024	576	9226	zenrav1e	default	95	77065	1.04526	92.67699193	3800.5	0.299312	0.794344	NA
8268_web-screenshots_weather-forecast-nyc_dpr2_page1_2880x1800.sdr.s1024.png	1024	640	8100	zenrav1e	default	30	14158	0.17283	50.40964056	2884.9	2.792808	7.985554	NA
8268_web-screenshots_weather-forecast-nyc_dpr2_page1_2880x1800.sdr.s1024.png	1024	640	8100	zenrav1e	default	50	26815	0.32733	72.79219459	3049.2	1.382855	3.947381	NA
8268_web-screenshots_weather-forecast-nyc_dpr2_page1_2880x1800.sdr.s1024.png	1024	640	8100	zenrav1e	default	60	36659	0.44750	81.23297122	3371.8	0.952544	2.789954	NA
8268_web-screenshots_weather-forecast-nyc_dpr2_page1_2880x1800.sdr.s1024.png	1024	640	8100	zenrav1e	default	75	52358	0.63914	87.93554641	3954.4	0.632584	1.956166	NA
8268_web-screenshots_weather-forecast-nyc_dpr2_page1_2880x1800.sdr.s1024.png	1024	640	8100	zenrav1e	default	85	69117	0.84371	90.72661205	4359.8	0.582639	1.168187	NA
8268_web-screenshots_weather-forecast-nyc_dpr2_page1_2880x1800.sdr.s1024.png	1024	640	8100	zenrav1e	default	95	108950	1.32996	92.48975385	5544.4	0.574399	0.833026	NA
8196_web-screenshots_nps-grand-canyon_dpr1_page1_1920x1080.sdr.s1024.png	1024	576	8100	zenrav1e	default	30	15831	0.21472	42.08340404	2795.3	3.005196	7.488874	NA
8196_web-screenshots_nps-grand-canyon_dpr1_page1_1920x1080.sdr.s1024.png	1024	576	8100	zenrav1e	default	50	34626	0.46965	66.55610281	3511.7	1.673188	3.938047	NA
8196_web-screenshots_nps-grand-canyon_dpr1_page1_1920x1080.sdr.s1024.png	1024	576	8100	zenrav1e	default	60	50700	0.68766	75.59506839	3835.3	1.206200	3.007478	NA
8196_web-screenshots_nps-grand-canyon_dpr1_page1_1920x1080.sdr.s1024.png	1024	576	8100	zenrav1e	default	75	83880	1.13770	84.83869980	4790.3	0.742045	1.855165	NA
8196_web-screenshots_nps-grand-canyon_dpr1_page1_1920x1080.sdr.s1024.png	1024	576	8100	zenrav1e	default	85	119756	1.62429	89.21840833	5679.8	0.500171	1.278345	NA
8196_web-screenshots_nps-grand-canyon_dpr1_page1_1920x1080.sdr.s1024.png	1024	576	8100	zenrav1e	default	95	208464	2.82747	93.33093637	7810.7	0.351315	0.713690	NA
5004_nps_blca-black-canyon-2023_color_p02_7016x4961.sdr.s1024.png	1024	724	5000	zenrav1e	default	30	17782	0.19188	25.02434389	3052.1	3.052939	8.670917	NA
5004_nps_blca-black-canyon-2023_color_p02_7016x4961.sdr.s1024.png	1024	724	5000	zenrav1e	default	50	45121	0.48689	58.93153350	4771.0	1.776402	4.656512	NA
5004_nps_blca-black-canyon-2023_color_p02_7016x4961.sdr.s1024.png	1024	724	5000	zenrav1e	default	60	72111	0.77813	70.61625765	5623.4	1.266969	3.024337	NA
5004_nps_blca-black-canyon-2023_color_p02_7016x4961.sdr.s1024.png	1024	724	5000	zenrav1e	default	75	122513	1.32201	81.70968584	6779.7	0.800482	1.866183	NA
5004_nps_blca-black-canyon-2023_color_p02_7016x4961.sdr.s1024.png	1024	724	5000	zenrav1e	default	85	176331	1.90274	86.43393951	8105.7	0.630396	1.442395	NA
5004_nps_blca-black-canyon-2023_color_p02_7016x4961.sdr.s1024.png	1024	724	5000	zenrav1e	default	95	312070	3.36747	90.24478250	10799.3	0.550414	1.374561	NA
8302_web-screenshots_nih-recipes-keep-the-beat_dpr1_page1_375x667.sdr.s1024.png	375	667	8100	zenrav1e	default	30	8440	0.26995	58.82665047	1157.8	2.602473	7.599011	NA
8302_web-screenshots_nih-recipes-keep-the-beat_dpr1_page1_375x667.sdr.s1024.png	375	667	8100	zenrav1e	default	50	13946	0.44605	76.18900843	1341.4	1.326430	4.129530	NA
8302_web-screenshots_nih-recipes-keep-the-beat_dpr1_page1_375x667.sdr.s1024.png	375	667	8100	zenrav1e	default	60	17921	0.57319	82.65149720	1508.5	0.824017	2.578182	NA
8302_web-screenshots_nih-recipes-keep-the-beat_dpr1_page1_375x667.sdr.s1024.png	375	667	8100	zenrav1e	default	75	24003	0.76771	88.49980957	1729.2	0.439435	1.655728	NA
8302_web-screenshots_nih-recipes-keep-the-beat_dpr1_page1_375x667.sdr.s1024.png	375	667	8100	zenrav1e	default	85	30223	0.96665	91.17572911	1898.4	0.261642	0.868254	NA
8302_web-screenshots_nih-recipes-keep-the-beat_dpr1_page1_375x667.sdr.s1024.png	375	667	8100	zenrav1e	default	95	42884	1.37160	93.35341413	2185.1	0.212173	0.451892	NA
9118_gen_illustrations_farmers-market-stall_1536x1024.sdr.s1024.png	1024	683	9094	zenrav1e	default	30	32124	0.36745	21.45991162	3669.2	3.962896	9.101032	NA
9118_gen_illustrations_farmers-market-stall_1536x1024.sdr.s1024.png	1024	683	9094	zenrav1e	default	50	78196	0.89445	52.71404122	5759.8	2.414025	6.118445	NA
9118_gen_illustrations_farmers-market-stall_1536x1024.sdr.s1024.png	1024	683	9094	zenrav1e	default	60	122362	1.39964	64.99619925	7525.1	1.848160	5.552359	NA
9118_gen_illustrations_farmers-market-stall_1536x1024.sdr.s1024.png	1024	683	9094	zenrav1e	default	75	223749	2.55935	79.29637362	9973.5	1.085486	3.724058	NA
9118_gen_illustrations_farmers-market-stall_1536x1024.sdr.s1024.png	1024	683	9094	zenrav1e	default	85	312290	3.57213	86.44616789	11958.9	0.627360	1.491152	NA
9118_gen_illustrations_farmers-market-stall_1536x1024.sdr.s1024.png	1024	683	9094	zenrav1e	default	95	589794	6.74636	93.19822744	16962.4	0.277861	0.723350	NA
7052_plots_line-00222-s2f495179_1024x1024.sdr.s1024.png	1024	1024	7000	zenrav1e	default	30	4138	0.03157	31.29988167	4541.5	2.116148	6.044424	NA
7052_plots_line-00222-s2f495179_1024x1024.sdr.s1024.png	1024	1024	7000	zenrav1e	default	50	4451	0.03396	70.83689524	5326.8	1.234450	3.051414	NA
7052_plots_line-00222-s2f495179_1024x1024.sdr.s1024.png	1024	1024	7000	zenrav1e	default	60	4766	0.03636	82.06873443	5427.3	0.571155	1.537653	NA
7052_plots_line-00222-s2f495179_1024x1024.sdr.s1024.png	1024	1024	7000	zenrav1e	default	75	6818	0.05202	90.24176286	6809.6	0.425190	0.879734	NA
7052_plots_line-00222-s2f495179_1024x1024.sdr.s1024.png	1024	1024	7000	zenrav1e	default	85	7422	0.05663	92.14161538	9790.2	0.442916	0.698850	NA
7052_plots_line-00222-s2f495179_1024x1024.sdr.s1024.png	1024	1024	7000	zenrav1e	default	95	18790	0.14336	93.50998219	11898.0	0.200785	0.393771	NA
1236_interiors_ornate-arched-interior_casa-vicens-barcelona_zfold7_iso400-f2p2_20260319-165702_4000x3000.sdr.s1024.png	768	1024	1200	zenrav1e	default	30	26476	0.26933	9.37513106	3353.4	3.296766	7.749578	NA
1236_interiors_ornate-arched-interior_casa-vicens-barcelona_zfold7_iso400-f2p2_20260319-165702_4000x3000.sdr.s1024.png	768	1024	1200	zenrav1e	default	50	66370	0.67515	51.27685987	5345.5	1.903271	4.240167	NA
1236_interiors_ornate-arched-interior_casa-vicens-barcelona_zfold7_iso400-f2p2_20260319-165702_4000x3000.sdr.s1024.png	768	1024	1200	zenrav1e	default	60	102980	1.04757	65.37340821	6369.4	1.375700	3.074613	NA
1236_interiors_ornate-arched-interior_casa-vicens-barcelona_zfold7_iso400-f2p2_20260319-165702_4000x3000.sdr.s1024.png	768	1024	1200	zenrav1e	default	75	177353	1.80413	79.68386960	8205.0	0.849968	1.878333	NA
1236_interiors_ornate-arched-interior_casa-vicens-barcelona_zfold7_iso400-f2p2_20260319-165702_4000x3000.sdr.s1024.png	768	1024	1200	zenrav1e	default	85	250960	2.55290	85.99663988	9796.9	0.577196	1.365605	NA
1236_interiors_ornate-arched-interior_casa-vicens-barcelona_zfold7_iso400-f2p2_20260319-165702_4000x3000.sdr.s1024.png	768	1024	1200	zenrav1e	default	95	465675	4.73709	92.33153011	13935.8	0.293383	0.725110	NA
1438_nature_orange-flowers-closeup_kyoto-botanical-garden-kyoto_s23u_iso200-f4p9_20231107-143950_4000x3000.sdr.s1024.png	768	1024	1400	zenrav1e	default	30	21048	0.21411	37.29130557	3461.0	2.904012	7.331213	NA
1438_nature_orange-flowers-closeup_kyoto-botanical-garden-kyoto_s23u_iso200-f4p9_20231107-143950_4000x3000.sdr.s1024.png	768	1024	1400	zenrav1e	default	50	45050	0.45827	64.61761018	4555.3	1.763079	4.475081	NA
1438_nature_orange-flowers-closeup_kyoto-botanical-garden-kyoto_s23u_iso200-f4p9_20231107-143950_4000x3000.sdr.s1024.png	768	1024	1400	zenrav1e	default	60	67960	0.69132	74.68698956	5806.4	1.330434	3.110140	NA
1438_nature_orange-flowers-closeup_kyoto-botanical-garden-kyoto_s23u_iso200-f4p9_20231107-143950_4000x3000.sdr.s1024.png	768	1024	1400	zenrav1e	default	75	120837	1.22922	83.55718373	7545.2	0.922453	2.139585	NA
1438_nature_orange-flowers-closeup_kyoto-botanical-garden-kyoto_s23u_iso200-f4p9_20231107-143950_4000x3000.sdr.s1024.png	768	1024	1400	zenrav1e	default	85	191315	1.94616	88.22173357	9255.2	0.646325	1.345073	NA
1438_nature_orange-flowers-closeup_kyoto-botanical-garden-kyoto_s23u_iso200-f4p9_20231107-143950_4000x3000.sdr.s1024.png	768	1024	1400	zenrav1e	default	95	372668	3.79097	93.09526170	13085.8	0.353477	0.819440	NA
9074_gen_clipart_teapot-classic_1024x1536.sdr.s1024.png	683	1024	9000	zenrav1e	default	30	5419	0.06199	68.95298929	1819.6	2.069509	7.225321	NA
9074_gen_clipart_teapot-classic_1024x1536.sdr.s1024.png	683	1024	9000	zenrav1e	default	50	10094	0.11546	82.73888675	2053.7	0.940565	3.141898	NA
9074_gen_clipart_teapot-classic_1024x1536.sdr.s1024.png	683	1024	9000	zenrav1e	default	60	13046	0.14923	85.73005721	2136.4	0.709888	2.199887	NA
9074_gen_clipart_teapot-classic_1024x1536.sdr.s1024.png	683	1024	9000	zenrav1e	default	75	20062	0.22948	88.99234609	2362.3	0.506636	1.468713	NA
9074_gen_clipart_teapot-classic_1024x1536.sdr.s1024.png	683	1024	9000	zenrav1e	default	85	27028	0.30916	90.29249416	2702.5	0.491743	0.994267	NA
9074_gen_clipart_teapot-classic_1024x1536.sdr.s1024.png	683	1024	9000	zenrav1e	default	95	52202	0.59711	91.64163977	3384.3	0.429595	0.814747	NA
6096_scans-patents_martha-jones-us77494-rescan-gray_p002_2479x3230.sdr.s1024.png	786	1024	6000	zenrav1e	default	30	31556	0.31365	51.11085044	3607.7	3.197121	8.173155	NA
6096_scans-patents_martha-jones-us77494-rescan-gray_p002_2479x3230.sdr.s1024.png	786	1024	6000	zenrav1e	default	50	61678	0.61305	74.45014810	4469.8	1.588722	4.542329	NA
6096_scans-patents_martha-jones-us77494-rescan-gray_p002_2479x3230.sdr.s1024.png	786	1024	6000	zenrav1e	default	60	83634	0.83129	83.49541344	4642.7	0.987040	3.528950	NA
6096_scans-patents_martha-jones-us77494-rescan-gray_p002_2479x3230.sdr.s1024.png	786	1024	6000	zenrav1e	default	75	116383	1.15680	88.91990589	5381.0	0.525073	2.046297	NA
6096_scans-patents_martha-jones-us77494-rescan-gray_p002_2479x3230.sdr.s1024.png	786	1024	6000	zenrav1e	default	85	143874	1.43005	91.62435554	5673.3	0.314198	1.204865	NA
6096_scans-patents_martha-jones-us77494-rescan-gray_p002_2479x3230.sdr.s1024.png	786	1024	6000	zenrav1e	default	95	205525	2.04283	93.00732222	7086.5	0.164987	0.731764	NA
5048_nps_romo-2018-longs-peak-keyhole-route_gray_p01_2550x4200.sdr.s1024.png	622	1024	5000	zenrav1e	default	30	20546	0.25806	36.47850314	3183.5	3.294973	10.281956	NA
5048_nps_romo-2018-longs-peak-keyhole-route_gray_p01_2550x4200.sdr.s1024.png	622	1024	5000	zenrav1e	default	50	45846	0.57584	63.15163663	3933.5	1.783237	4.490078	NA
5048_nps_romo-2018-longs-peak-keyhole-route_gray_p01_2550x4200.sdr.s1024.png	622	1024	5000	zenrav1e	default	60	67855	0.85228	74.33902574	4594.9	1.224582	3.189871	NA
5048_nps_romo-2018-longs-peak-keyhole-route_gray_p01_2550x4200.sdr.s1024.png	622	1024	5000	zenrav1e	default	75	102148	1.28301	82.46742039	4854.0	0.842090	2.737159	NA
5048_nps_romo-2018-longs-peak-keyhole-route_gray_p01_2550x4200.sdr.s1024.png	622	1024	5000	zenrav1e	default	85	132548	1.66484	88.57289353	5559.5	0.455912	1.195228	NA
5048_nps_romo-2018-longs-peak-keyhole-route_gray_p01_2550x4200.sdr.s1024.png	622	1024	5000	zenrav1e	default	95	197372	2.47905	91.66447065	6836.3	0.258089	0.711706	NA
9678_gen_products-grocery_cereal-box-coral_p0439_1024x1536.sdr.s1024.png	683	1024	9226	zenrav1e	default	30	10495	0.12005	55.02680518	2130.9	2.483983	6.269492	NA
9678_gen_products-grocery_cereal-box-coral_p0439_1024x1536.sdr.s1024.png	683	1024	9226	zenrav1e	default	50	22601	0.25852	71.84222383	2552.2	1.479044	4.039761	NA
9678_gen_products-grocery_cereal-box-coral_p0439_1024x1536.sdr.s1024.png	683	1024	9226	zenrav1e	default	60	33847	0.38716	77.69723577	3126.4	1.129320	2.647332	NA
9678_gen_products-grocery_cereal-box-coral_p0439_1024x1536.sdr.s1024.png	683	1024	9226	zenrav1e	default	75	60815	0.69563	83.97844173	4248.3	0.804759	1.812284	NA
9678_gen_products-grocery_cereal-box-coral_p0439_1024x1536.sdr.s1024.png	683	1024	9226	zenrav1e	default	85	98987	1.13226	87.98089244	5297.1	0.559489	1.453601	NA
9678_gen_products-grocery_cereal-box-coral_p0439_1024x1536.sdr.s1024.png	683	1024	9226	zenrav1e	default	95	199885	2.28639	91.71078834	7161.7	0.317513	0.876739	NA
2000_people_by-alexander-aguero-enppvuxbcce-unsplash_4400x6600.sdr.s1024.png	683	1024	2000	zenrav1e	default	30	11110	0.12708	45.09122398	2005.5	2.563871	6.759680	NA
2000_people_by-alexander-aguero-enppvuxbcce-unsplash_4400x6600.sdr.s1024.png	683	1024	2000	zenrav1e	default	50	25065	0.28671	68.47716556	2595.2	1.475524	3.348937	NA
2000_people_by-alexander-aguero-enppvuxbcce-unsplash_4400x6600.sdr.s1024.png	683	1024	2000	zenrav1e	default	60	36154	0.41355	75.47691706	3196.7	1.147474	2.949407	NA
2000_people_by-alexander-aguero-enppvuxbcce-unsplash_4400x6600.sdr.s1024.png	683	1024	2000	zenrav1e	default	75	61733	0.70613	83.86757886	4076.2	0.784957	1.654723	NA
2000_people_by-alexander-aguero-enppvuxbcce-unsplash_4400x6600.sdr.s1024.png	683	1024	2000	zenrav1e	default	85	95928	1.09727	87.99279957	5179.6	0.607718	1.329963	NA
2000_people_by-alexander-aguero-enppvuxbcce-unsplash_4400x6600.sdr.s1024.png	683	1024	2000	zenrav1e	default	95	217938	2.49289	92.08419694	8033.7	0.385922	0.936894	NA
7058_plots_line-tiling-00248-s7c5ddcfb_1024x1024.sdr.s1024.png	1024	1024	7000	zenrav1e	default	30	53859	0.41091	15.32160039	9373.4	3.539563	10.905054	NA
7058_plots_line-tiling-00248-s7c5ddcfb_1024x1024.sdr.s1024.png	1024	1024	7000	zenrav1e	default	50	95417	0.72797	55.70938382	11063.9	1.801647	5.228961	NA
7058_plots_line-tiling-00248-s7c5ddcfb_1024x1024.sdr.s1024.png	1024	1024	7000	zenrav1e	default	60	127362	0.97169	68.13447782	12785.7	1.212561	4.048385	NA
7058_plots_line-tiling-00248-s7c5ddcfb_1024x1024.sdr.s1024.png	1024	1024	7000	zenrav1e	default	75	191444	1.46060	80.29972481	15692.5	0.639541	2.280473	NA
7058_plots_line-tiling-00248-s7c5ddcfb_1024x1024.sdr.s1024.png	1024	1024	7000	zenrav1e	default	85	248319	1.89452	85.15385605	16993.3	0.449124	1.936822	NA
7058_plots_line-tiling-00248-s7c5ddcfb_1024x1024.sdr.s1024.png	1024	1024	7000	zenrav1e	default	95	403115	3.07552	91.97949337	22459.7	0.173706	0.555992	NA
8414_web-screenshots_lkml-lists-index_dpr1_page1_1280x800.sdr.s1024.png	1024	640	8100	zenrav1e	default	30	26416	0.32246	36.70357288	3483.5	3.349182	8.633875	NA
8414_web-screenshots_lkml-lists-index_dpr1_page1_1280x800.sdr.s1024.png	1024	640	8100	zenrav1e	default	50	49878	0.60886	65.55808263	4988.5	1.661077	4.311526	NA
8414_web-screenshots_lkml-lists-index_dpr1_page1_1280x800.sdr.s1024.png	1024	640	8100	zenrav1e	default	60	66958	0.81736	77.23215481	5878.1	1.086366	2.776857	NA
8414_web-screenshots_lkml-lists-index_dpr1_page1_1280x800.sdr.s1024.png	1024	640	8100	zenrav1e	default	75	95615	1.16718	85.87379672	6710.7	0.649263	1.661763	NA
8414_web-screenshots_lkml-lists-index_dpr1_page1_1280x800.sdr.s1024.png	1024	640	8100	zenrav1e	default	85	126306	1.54182	88.86404166	7783.2	0.532577	1.192068	NA
8414_web-screenshots_lkml-lists-index_dpr1_page1_1280x800.sdr.s1024.png	1024	640	8100	zenrav1e	default	95	216458	2.64231	91.29068811	9717.8	0.505476	1.151049	NA
6606_scans-illustrations_haeckel-red-algae_plate0065_5015x7275.sdr.s1024.png	706	1024	6600	zenrav1e	default	30	31831	0.35224	40.76751263	3578.3	3.541931	7.976297	NA
6606_scans-illustrations_haeckel-red-algae_plate0065_5015x7275.sdr.s1024.png	706	1024	6600	zenrav1e	default	50	70833	0.78383	63.83767806	6079.6	1.975490	4.836086	NA
6606_scans-illustrations_haeckel-red-algae_plate0065_5015x7275.sdr.s1024.png	706	1024	6600	zenrav1e	default	60	104604	1.15753	71.90090140	7412.5	1.460128	3.804516	NA
6606_scans-illustrations_haeckel-red-algae_plate0065_5015x7275.sdr.s1024.png	706	1024	6600	zenrav1e	default	75	177951	1.96918	81.47075947	9379.6	0.936912	2.397944	NA
6606_scans-illustrations_haeckel-red-algae_plate0065_5015x7275.sdr.s1024.png	706	1024	6600	zenrav1e	default	85	257274	2.84696	85.84410714	11005.3	0.706648	1.932962	NA
6606_scans-illustrations_haeckel-red-algae_plate0065_5015x7275.sdr.s1024.png	706	1024	6600	zenrav1e	default	95	571808	6.32755	91.83893478	16307.0	0.355213	0.886545	NA
1614_food_dessert-plate-upside-down_valladolid-mexico_s23u_iso640-f1p7_20230917-213342_4000x3000.sdr.s1024.png	1024	768	1600	zenrav1e	default	30	18222	0.18536	45.51452874	3057.4	2.705357	8.041458	NA
1614_food_dessert-plate-upside-down_valladolid-mexico_s23u_iso640-f1p7_20230917-213342_4000x3000.sdr.s1024.png	1024	768	1600	zenrav1e	default	50	34550	0.35146	68.67214588	3808.6	1.549019	3.724286	NA
1614_food_dessert-plate-upside-down_valladolid-mexico_s23u_iso640-f1p7_20230917-213342_4000x3000.sdr.s1024.png	1024	768	1600	zenrav1e	default	60	48370	0.49205	76.82639362	4362.2	1.151174	2.984772	NA
1614_food_dessert-plate-upside-down_valladolid-mexico_s23u_iso640-f1p7_20230917-213342_4000x3000.sdr.s1024.png	1024	768	1600	zenrav1e	default	75	78424	0.79777	84.91441190	5643.6	0.787889	1.860314	NA
1614_food_dessert-plate-upside-down_valladolid-mexico_s23u_iso640-f1p7_20230917-213342_4000x3000.sdr.s1024.png	1024	768	1600	zenrav1e	default	85	122457	1.24570	88.92468518	7505.8	0.580109	1.339237	NA
1614_food_dessert-plate-upside-down_valladolid-mexico_s23u_iso640-f1p7_20230917-213342_4000x3000.sdr.s1024.png	1024	768	1600	zenrav1e	default	95	259828	2.64311	93.24941462	10984.3	0.321408	0.728811	NA
9868_gen_products-sporting-goods_rain-shell-jacket_feature_p0629_1024x1536.sdr.s1024.png	683	1024	9226	zenrav1e	default	30	8058	0.09217	55.90728544	1933.3	2.348027	7.392135	NA
9868_gen_products-sporting-goods_rain-shell-jacket_feature_p0629_1024x1536.sdr.s1024.png	683	1024	9226	zenrav1e	default	50	16044	0.18352	75.19498769	2196.9	1.277214	3.971441	NA
9868_gen_products-sporting-goods_rain-shell-jacket_feature_p0629_1024x1536.sdr.s1024.png	683	1024	9226	zenrav1e	default	60	21282	0.24343	80.56199843	2440.3	0.975571	2.571976	NA
9868_gen_products-sporting-goods_rain-shell-jacket_feature_p0629_1024x1536.sdr.s1024.png	683	1024	9226	zenrav1e	default	75	34558	0.39529	86.28626616	2960.2	0.677417	1.560937	NA
9868_gen_products-sporting-goods_rain-shell-jacket_feature_p0629_1024x1536.sdr.s1024.png	683	1024	9226	zenrav1e	default	85	50510	0.57776	88.81722406	3514.6	0.540731	1.251932	NA
9868_gen_products-sporting-goods_rain-shell-jacket_feature_p0629_1024x1536.sdr.s1024.png	683	1024	9226	zenrav1e	default	95	101333	1.15910	91.52289894	4793.4	0.350890	0.748621	NA
7028_plots_line-00119-s142edf29_1024x1024.sdr.s1024.png	1024	1024	7000	zenrav1e	default	30	14345	0.10944	54.02057131	3360.2	3.037051	9.974444	NA
7028_plots_line-00119-s142edf29_1024x1024.sdr.s1024.png	1024	1024	7000	zenrav1e	default	50	29097	0.22199	75.87199878	3953.9	1.562084	6.046521	NA
7028_plots_line-00119-s142edf29_1024x1024.sdr.s1024.png	1024	1024	7000	zenrav1e	default	60	35952	0.27429	81.56840887	4258.2	1.123045	3.742032	NA
7028_plots_line-00119-s142edf29_1024x1024.sdr.s1024.png	1024	1024	7000	zenrav1e	default	75	48034	0.36647	87.39620660	4577.5	0.813631	2.741035	NA
7028_plots_line-00119-s142edf29_1024x1024.sdr.s1024.png	1024	1024	7000	zenrav1e	default	85	60365	0.46055	90.15515430	5146.8	0.765612	1.735587	NA
7028_plots_line-00119-s142edf29_1024x1024.sdr.s1024.png	1024	1024	7000	zenrav1e	default	95	93211	0.71114	92.86360198	5896.2	0.757906	1.573208	NA
6018_scans-patents_lynn-conway-us5046022-1bit_p019_2320x3408.sdr.s1024.png	697	1024	6000	zenrav1e	default	30	49501	0.55484	41.21244739	4801.4	4.234074	9.310024	NA
6018_scans-patents_lynn-conway-us5046022-1bit_p019_2320x3408.sdr.s1024.png	697	1024	6000	zenrav1e	default	50	94320	1.05721	67.43446232	5220.1	2.141321	5.045471	NA
6018_scans-patents_lynn-conway-us5046022-1bit_p019_2320x3408.sdr.s1024.png	697	1024	6000	zenrav1e	default	60	127575	1.42996	79.21318921	5756.7	1.270224	3.398239	NA
6018_scans-patents_lynn-conway-us5046022-1bit_p019_2320x3408.sdr.s1024.png	697	1024	6000	zenrav1e	default	75	184300	2.06577	88.08552359	6941.1	0.584477	1.699825	NA
6018_scans-patents_lynn-conway-us5046022-1bit_p019_2320x3408.sdr.s1024.png	697	1024	6000	zenrav1e	default	85	226954	2.54387	90.98158250	7590.6	0.376498	1.441769	NA
6018_scans-patents_lynn-conway-us5046022-1bit_p019_2320x3408.sdr.s1024.png	697	1024	6000	zenrav1e	default	95	326846	3.66354	93.74883436	9284.4	0.165124	0.570871	NA
7050_plots_line-00166-s010fb6d2_1024x1024.sdr.s1024.png	1024	1024	7000	zenrav1e	default	30	5145	0.03925	38.92404834	4323.1	2.688059	8.923470	NA
7050_plots_line-00166-s010fb6d2_1024x1024.sdr.s1024.png	1024	1024	7000	zenrav1e	default	50	5987	0.04568	69.28087821	4569.8	1.368007	5.347145	NA
7050_plots_line-00166-s010fb6d2_1024x1024.sdr.s1024.png	1024	1024	7000	zenrav1e	default	60	7052	0.05380	78.15206618	5302.4	0.792036	2.721835	NA
7050_plots_line-00166-s010fb6d2_1024x1024.sdr.s1024.png	1024	1024	7000	zenrav1e	default	75	8334	0.06358	88.09370104	5813.9	0.430809	1.871240	NA
7050_plots_line-00166-s010fb6d2_1024x1024.sdr.s1024.png	1024	1024	7000	zenrav1e	default	85	10350	0.07896	91.47486813	6317.5	0.255896	1.182342	NA
7050_plots_line-00166-s010fb6d2_1024x1024.sdr.s1024.png	1024	1024	7000	zenrav1e	default	95	14816	0.11304	94.10472380	7242.5	0.120085	0.562844	NA
9100_gen_illustrations_bath-candles-evening_1024x1536.sdr.s1024.png	683	1024	9094	zenrav1e	default	30	16586	0.18972	21.10272701	2728.7	2.980522	6.589504	NA
9100_gen_illustrations_bath-candles-evening_1024x1536.sdr.s1024.png	683	1024	9094	zenrav1e	default	50	46041	0.52664	54.98123409	4284.6	1.904330	4.159427	NA
9100_gen_illustrations_bath-candles-evening_1024x1536.sdr.s1024.png	683	1024	9094	zenrav1e	default	60	80059	0.91576	67.82708977	5207.8	1.438757	3.823507	NA
9100_gen_illustrations_bath-candles-evening_1024x1536.sdr.s1024.png	683	1024	9094	zenrav1e	default	75	146457	1.67525	79.59267047	7126.3	0.965333	3.011643	NA
9100_gen_illustrations_bath-candles-evening_1024x1536.sdr.s1024.png	683	1024	9094	zenrav1e	default	85	228104	2.60917	86.91916589	8332.4	0.525162	1.056730	NA
9100_gen_illustrations_bath-candles-evening_1024x1536.sdr.s1024.png	683	1024	9094	zenrav1e	default	95	401104	4.58803	92.74490744	11676.8	0.252716	0.528327	NA
