converter	round	cells	digest_sha256_of_all_cell_fingerprints	even_h_cells_with_last_row_written
yuv420_to_rgba	A_wrapper_0.8.15	288	c4c04e88b66d0ca110cc21dcfb5c3c9e	234/234
yuv420_to_rgba	control_direct_0.8.15	288	89bf6f910906a6a3e32d1d651bb418de	0/234
yuv420_to_rgba	B_direct_0.8.17	288	c4c04e88b66d0ca110cc21dcfb5c3c9e	234/234
yuv420_to_rgb	A_wrapper_0.8.15	288	da563b9630325be2464d7d4f0b7edd83	234/234
yuv420_to_rgb	control_direct_0.8.15	288	fb6203d550e63c69a1c605af79c6cfb1	0/234
yuv420_to_rgb	B_direct_0.8.17	288	da563b9630325be2464d7d4f0b7edd83	234/234
i010_to_rgba10	A_wrapper_0.8.15	288	a8dc201b8932a92496a61e98e1ab6a73	234/234
i010_to_rgba10	control_direct_0.8.15	288	14450eeafc75ae41ad026d1a2b9e1114	0/234
i010_to_rgba10	B_direct_0.8.17	288	a8dc201b8932a92496a61e98e1ab6a73	234/234
i012_to_rgba12	A_wrapper_0.8.15	288	845b55a75ec8bc7a7f89c35da46aa2ae	234/234
i012_to_rgba12	control_direct_0.8.15	288	6ab3a2e298e5bb5d8c54a15c7e9f82a7	0/234
i012_to_rgba12	B_direct_0.8.17	288	845b55a75ec8bc7a7f89c35da46aa2ae	234/234
i016_to_rgba16	A_wrapper_0.8.15	288	5514f237006a511a4e83c1d9d3ad3fa7	216/234
i016_to_rgba16	control_direct_0.8.15	288	7dfe01f3ef560cbf4e08d4642e908a48	0/234
i016_to_rgba16	B_direct_0.8.17	288	5514f237006a511a4e83c1d9d3ad3fa7	216/234
i010_to_rgb10	A_wrapper_0.8.15	288	d7e62c0e95221d351ffd0654de83d89d	234/234
i010_to_rgb10	control_direct_0.8.15	288	ed649fcebc7277c1b679eff9d0fefd1a	0/234
i010_to_rgb10	B_direct_0.8.17	288	d7e62c0e95221d351ffd0654de83d89d	234/234
i012_to_rgb12	A_wrapper_0.8.15	288	146b6384e87fee1d71444a7f9a4cd920	234/234
i012_to_rgb12	control_direct_0.8.15	288	835960190263ffbf602fb24679e212f0	0/234
i012_to_rgb12	B_direct_0.8.17	288	146b6384e87fee1d71444a7f9a4cd920	234/234
i016_to_rgb16	A_wrapper_0.8.15	288	bcb37af2974154cf0a0705a6ab9f66f0	216/234
i016_to_rgb16	control_direct_0.8.15	288	248e8d9904b0f0a4f4abb039f3052266	0/234
i016_to_rgb16	B_direct_0.8.17	288	bcb37af2974154cf0a0705a6ab9f66f0	216/234
